-0.88855,-4.167,1.1607,0.80433,0
0.58776,2.7564,-0.76776,-0.53205,0
2.3852,11.186,-3.1156,-2.1591,0
2.3623,11.078,-3.0857,-2.1384,0
0.015118,0.070898,-0.019748,-0.013685,0
1.3595,6.3757,-1.7758,-1.2307,0
0.18544,0.86963,-0.24222,-0.16786,0
1.3983,6.5574,-1.8265,-1.2657,0
0.086953,0.40778,-0.11358,-0.078711,0
-1.1883,-5.5729,1.5522,1.0757,0
1.6735,7.848,-2.1859,-1.5148,0
1.6186,7.5905,-2.1142,-1.4651,0
-0.50436,-2.3653,0.65881,0.45655,0
-0.51054,-2.3943,0.66689,0.46215,0
-0.80742,-3.7865,1.0547,0.73089,0
-0.59099,-2.7715,0.77197,0.53497,0
2.1952,10.295,-2.8674,-1.9871,0
-1.4981,-7.0254,1.9568,1.3561,0
-1.1126,-5.2179,1.4534,1.0072,0
2.189,10.266,-2.8594,-1.9815,0
0.31255,1.4657,-0.40826,-0.28292,0
1.3164,6.1734,-1.7195,-1.1916,0
0.72934,3.4203,-0.95268,-0.66021,0
2.3837,11.179,-3.1137,-2.1578,0
1.4178,6.6492,-1.852,-1.2835,0
-0.15868,-0.74417,0.20728,0.14364,0
0.10582,0.49627,-0.13823,-0.095792,0
1.3101,6.1437,-1.7112,-1.1859,0
1.5149,7.1046,-1.9789,-1.3714,0
1.6141,7.5697,-2.1084,-1.4611,0
-0.060983,-0.28599,0.079658,0.055203,0
1.9629,9.2055,-2.564,-1.7769,0
-1.0048,-4.7121,1.3125,0.90956,0
1.3614,6.3847,-1.7784,-1.2324,0
1.7877,8.3838,-2.3352,-1.6183,0
2.059,9.656,-2.6895,-1.8638,0
2.2852,10.717,-2.9849,-2.0686,0
1.9686,9.2321,-2.5715,-1.782,0
2.045,9.5902,-2.6712,-1.8511,0
-1.1776,-5.5227,1.5383,1.066,0
2.4244,11.369,-3.1668,-2.1946,0
1.7607,8.257,-2.2999,-1.5938,0
-0.47942,-2.2483,0.62623,0.43398,0
-0.88719,-4.1606,1.1589,0.8031,0
0.31165,1.4615,-0.40709,-0.28211,0
1.1716,5.4944,-1.5304,-1.0605,0
1.7245,8.0873,-2.2526,-1.5611,0
-1.0048,-4.7121,1.3125,0.90956,0
1.3082,6.1351,-1.7088,-1.1842,0
1.1599,5.4393,-1.515,-1.0499,0
-1.1536,-5.4101,1.5069,1.0443,0
0.46139,2.1638,-0.60268,-0.41766,0
-0.70256,-3.2948,0.91771,0.63597,0
2.2276,10.446,-2.9097,-2.0164,0
-0.12769,-0.59881,0.16679,0.11559,0
2.341,10.978,-3.0579,-2.1191,0
0.21144,0.99157,-0.27619,-0.1914,0
0.54641,2.5625,-0.71374,-0.49462,0
-1.5678,-7.3522,2.0479,1.4192,0
2.3419,10.983,-3.0591,-2.1199,0
1.4427,6.7656,-1.8844,-1.3059,0
0.44866,2.1041,-0.58606,-0.40614,0
0.36969,1.7337,-0.48291,-0.33465,0
0.060625,0.28431,-0.07919,-0.054879,0
0.25501,1.1959,-0.3331,-0.23084,0
1.3236,6.2072,-1.7289,-1.1981,0
0.28895,1.3551,-0.37744,-0.26156,0
-0.88675,-4.1585,1.1583,0.8027,0
0.82798,3.883,-1.0815,-0.74951,0
0.18618,0.87314,-0.2432,-0.16854,0
0.96097,4.5066,-1.2553,-0.86989,0
1.2984,6.0892,-1.6961,-1.1754,0
1.787,8.3803,-2.3342,-1.6176,0
2.3028,10.799,-3.008,-2.0845,0
0.11309,0.53035,-0.14772,-0.10237,0
2.1456,10.062,-2.8026,-1.9422,0
1.5106,7.0843,-1.9732,-1.3674,0
1.5268,7.1603,-1.9944,-1.3821,0
0.12905,0.60522,-0.16858,-0.11682,0
0.20332,0.95352,-0.26559,-0.18405,0
0.637,2.9873,-0.83207,-0.57662,0
1.2702,5.957,-1.6592,-1.1499,0
1.9133,8.9729,-2.4993,-1.732,0
-0.70256,-3.2948,0.91771,0.63597,0
-1.0048,-4.7121,1.3125,0.90956,0
0.91927,4.3111,-1.2008,-0.83214,0
2.2081,10.355,-2.8843,-1.9988,0
1.5091,7.0772,-1.9712,-1.3661,0
1.9795,9.2832,-2.5857,-1.7919,0
1.8987,8.9045,-2.4802,-1.7188,0
2.4143,11.322,-3.1536,-2.1854,0
2.1229,9.9557,-2.773,-1.9217,0
-0.8861,-4.1555,1.1575,0.80211,0
0.67763,3.1778,-0.88514,-0.6134,0
0.82194,3.8546,-1.0736,-0.74403,0
0.10426,0.48896,-0.13619,-0.094381,0
1.3771,6.4583,-1.7989,-1.2466,0
0.35521,1.6658,-0.46399,-0.32154,0
1.3933,6.5343,-1.82,-1.2613,0
1.6583,7.7767,-2.1661,-1.5011,0
0.71279,3.3427,-0.93107,-0.64523,0
0.24956,1.1703,-0.32598,-0.2259,0
2.1881,10.261,-2.8581,-1.9807,0
-0.7065,-3.3132,0.92285,0.63953,0
2.2971,10.773,-3.0006,-2.0794,0
1.8517,8.6836,-2.4187,-1.6762,0
-0.37966,-1.7805,0.49593,0.34368,0
2.2274,10.446,-2.9095,-2.0163,0
1.7911,8.3998,-2.3396,-1.6214,0
2.1127,9.9076,-2.7596,-1.9124,0
2.0784,9.747,-2.7149,-1.8814,0
0.58855,2.7601,-0.76879,-0.53277,0
-0.24191,-1.1345,0.31599,0.21898,0
2.4171,11.336,-3.1573,-2.188,0
0.29024,1.3611,-0.37912,-0.26273,0
2.3829,11.175,-3.1126,-2.157,0
2.1549,10.106,-2.8148,-1.9506,0
1.5305,7.1776,-1.9992,-1.3854,0
1.9746,9.2602,-2.5793,-1.7874,0
-0.49506,-2.3217,0.64666,0.44814,0
2.0146,9.4477,-2.6315,-1.8236,0
2.4537,11.507,-3.2051,-2.2211,0
1.7258,8.0933,-2.2543,-1.5622,0
1.4033,6.581,-1.833,-1.2703,0
0.9767,4.5804,-1.2758,-0.88412,0
2.3272,10.914,-3.0398,-2.1066,0
2.3987,11.249,-3.1333,-2.1714,0
0.99401,4.6616,-1.2984,-0.8998,0
0.64294,3.0152,-0.83983,-0.582,0
1.053,4.9383,-1.3755,-0.95322,0
0.090878,0.42619,-0.11871,-0.082264,0
1.1765,5.5172,-1.5367,-1.065,0
-0.28292,-1.3268,0.36957,0.25611,0
-1.3539,-6.3491,1.7685,1.2255,0
1.299,6.0918,-1.6968,-1.1759,0
-0.47919,-2.2472,0.62593,0.43377,0
0.12233,0.57369,-0.15979,-0.11074,0
1.4297,6.7047,-1.8675,-1.2942,0
1.5296,7.1733,-1.998,-1.3846,0
1.1204,5.2542,-1.4635,-1.0142,0
0.30245,1.4184,-0.39507,-0.27378,0
1.3271,6.2237,-1.7335,-1.2013,0
-0.11523,-0.54037,0.15051,0.10431,0
0.11423,0.53571,-0.14921,-0.1034,0
2.2705,10.648,-2.9658,-2.0553,0
-0.10829,-0.50784,0.14145,0.098025,0
2.0264,9.5033,-2.647,-1.8344,0
-0.80296,-3.7656,1.0488,0.72685,0
2.5718,12.061,-3.3593,-2.328,0
0.045467,0.21323,-0.059391,-0.041158,0
-0.131,-0.61435,0.17112,0.11858,0
-1.2535,-5.8785,1.6374,1.1347,0
2.1259,9.9698,-2.777,-1.9244,0
-0.2234,-1.0477,0.29182,0.20223,0
2.4046,11.277,-3.1409,-2.1766,0
1.7152,8.0438,-2.2405,-1.5526,0
1.2262,5.7507,-1.6018,-1.11,0
-1.1627,-5.4526,1.5187,1.0525,0
1.9355,9.077,-2.5283,-1.7521,0
2.1952,10.295,-2.8674,-1.9871,0
0.055738,0.26139,-0.072807,-0.050455,0
-1.1215,-5.2596,1.465,1.0152,0
1.3227,6.2028,-1.7277,-1.1973,0
0.84571,3.9661,-1.1047,-0.76556,0
1.9377,9.0873,-2.5311,-1.7541,0
2.1132,9.9103,-2.7604,-1.9129,0
2.4291,11.391,-3.1729,-2.1988,0
1.8018,8.4497,-2.3535,-1.631,0
0.12233,0.57369,-0.15979,-0.11074,0
1.06,4.9709,-1.3846,-0.9595,0
1.3025,6.1085,-1.7014,-1.1791,0
0.53148,2.4925,-0.69424,-0.4811,0
0.081506,0.38223,-0.10647,-0.07378,0
2.1349,10.012,-2.7887,-1.9326,0
2.2603,10.6,-2.9525,-2.0461,0
0.63961,2.9996,-0.83549,-0.57899,0
1.1353,5.3243,-1.483,-1.0277,0
-0.63732,-2.9888,0.83249,0.57692,0
0.63282,2.9677,-0.82661,-0.57284,0
0.63075,2.958,-0.8239,-0.57096,0
2.4438,11.461,-3.1922,-2.2122,0
-0.65088,-3.0524,0.8502,0.58919,0
-0.85309,-4.0007,1.1143,0.77223,0
1.8254,8.5605,-2.3844,-1.6524,0
1.8161,8.5169,-2.3722,-1.644,0
2.2632,10.613,-2.9562,-2.0487,0
1.1443,5.3666,-1.4948,-1.0359,0
2.3003,10.788,-3.0047,-2.0823,0
0.26863,1.2598,-0.35089,-0.24317,0
0.35743,1.6762,-0.46688,-0.32355,0
-0.59382,-2.7848,0.77566,0.53753,0
1.867,8.7557,-2.4388,-1.6901,0
1.7019,7.9815,-2.2231,-1.5406,0
1.9088,8.9518,-2.4934,-1.7279,0
1.7412,8.1654,-2.2744,-1.5761,0
2.0104,9.4281,-2.626,-1.8198,0
0.075283,0.35305,-0.098337,-0.068148,0
2.4046,11.277,-3.141,-2.1767,0
0.62243,2.919,-0.81304,-0.56343,0
1.9486,9.138,-2.5453,-1.7639,0
1.7249,8.0892,-2.2531,-1.5614,0
1.1311,5.3046,-1.4775,-1.0239,0
1.8601,8.7234,-2.4298,-1.6838,0
1.2509,5.8661,-1.6339,-1.1323,0
1.3929,6.5321,-1.8194,-1.2609,0
1.5626,7.3281,-2.0411,-1.4145,0
2.1626,10.142,-2.8249,-1.9576,0
0.016333,0.076597,-0.021335,-0.014785,0
0.12233,0.57369,-0.15979,-0.11074,0
1.4416,6.7605,-1.883,-1.3049,0
-0.27859,-1.3065,0.3639,0.25218,0
0.43959,2.0615,-0.57421,-0.39793,0
-0.41192,-1.9317,0.53806,0.37287,0
2.0447,9.5891,-2.6709,-1.8509,0
1.6471,7.7244,-2.1515,-1.491,0
1.381,6.4765,-1.8039,-1.2501,0
0.50769,2.3809,-0.66317,-0.45957,0
1.6379,7.6811,-2.1395,-1.4826,0
1.4881,6.9788,-1.9438,-1.3471,0
1.9515,9.1517,-2.5491,-1.7665,0
1.545,7.2455,-2.0181,-1.3986,0
0.60583,2.8411,-0.79136,-0.54841,0
1.2456,5.8416,-1.6271,-1.1276,0
-0.78415,-3.6774,1.0243,0.70983,0
1.8861,8.8452,-2.4637,-1.7073,0
2.5152,11.796,-3.2855,-2.2768,0
-1.0185,-4.7762,1.3303,0.92192,0
2.299,10.781,-3.003,-2.0811,0
-0.88178,-4.1352,1.1518,0.7982,0
-0.75725,-3.5512,0.98914,0.68548,0
-0.025838,-0.12117,0.033751,0.023389,0
1.2329,5.782,-1.6105,-1.1161,0
0.78399,3.6767,-1.0241,-0.70968,0
0.42818,2.008,-0.55931,-0.3876,0
-1.5906,-7.4592,2.0776,1.4398,0
0.22154,1.0389,-0.28938,-0.20054,0
1.336,6.2656,-1.7452,-1.2094,0
1.8867,8.848,-2.4645,-1.7079,0
1.7234,8.0821,-2.2511,-1.56,0
1.3162,6.1723,-1.7192,-1.1914,0
0.074258,0.34825,-0.096999,-0.06722,0
1.7521,8.2169,-2.2887,-1.5861,0
0.45854,2.1504,-0.59896,-0.41508,0
0.50436,2.3653,-0.65881,-0.45656,0
2.4026,11.267,-3.1384,-2.1749,0
1.5115,7.0883,-1.9743,-1.3682,0
0.24277,1.1385,-0.31712,-0.21976,0
1.4898,6.9868,-1.9461,-1.3486,0
2.2772,10.679,-2.9746,-2.0614,0
0.73559,3.4497,-0.96086,-0.66587,0
-0.39823,-1.8676,0.52018,0.36048,0
1.4784,6.9333,-1.9312,-1.3383,0
1.2023,5.6385,-1.5705,-1.0884,0
1.973,9.2525,-2.5772,-1.786,0
0.029112,0.13653,-0.038028,-0.026353,0
-0.42013,-1.9703,0.54879,0.38031,0
0.75483,3.5399,-0.98598,-0.68328,0
1.8125,8.4998,-2.3675,-1.6407,0
1.6418,7.6997,-2.1446,-1.4862,0
1.5981,7.4945,-2.0875,-1.4466,0
0.27299,1.2802,-0.35659,-0.24712,0
2.4756,11.61,-3.2338,-2.241,0
1.4279,6.6965,-1.8652,-1.2926,0
2.3571,11.054,-3.0789,-2.1336,0
0.34235,1.6055,-0.44719,-0.3099,0
1.2175,5.7096,-1.5903,-1.1021,0
1.7839,8.3661,-2.3302,-1.6149,0
-1.1712,-5.4927,1.5299,1.0602,0
0.027754,0.13016,-0.036254,-0.025124,0
-0.56511,-2.6502,0.73817,0.51155,0
-0.2239,-1.05,0.29247,0.20268,0
0.42966,2.015,-0.56123,-0.38893,0
0.025238,0.11836,-0.032967,-0.022846,0
0.89367,4.191,-1.1673,-0.80897,0
2.407,11.288,-3.1441,-2.1789,0
2.3409,10.978,-3.0578,-2.1191,0
0.31886,1.4954,-0.41651,-0.28864,0
-0.87654,-4.1107,1.145,0.79346,0
1.8097,8.4869,-2.3639,-1.6382,0
-0.80037,-3.7535,1.0455,0.72451,0
1.2223,5.7324,-1.5967,-1.1065,0
0.10128,0.47496,-0.13229,-0.091679,0
0.27176,1.2745,-0.35498,-0.246,0
2.089,9.7965,-2.7287,-1.891,0
2.3252,10.905,-3.0373,-2.1048,0
-0.85732,-4.0205,1.1199,0.77606,0
-1.1066,-5.1896,1.4455,1.0017,0
0.75754,3.5526,-0.98953,-0.68574,0
1.5981,7.4947,-2.0875,-1.4467,0
0.16117,0.75586,-0.21053,-0.1459,0
-0.89616,-4.2027,1.1706,0.81122,0
-0.27023,-1.2673,0.35298,0.24462,0
2.6032,12.208,-3.4004,-2.3565,0
-0.55068,-2.5825,0.71932,0.49849,0
2.4672,11.57,-3.2227,-2.2333,0
2.5169,11.803,-3.2876,-2.2783,0
-0.057251,-0.26849,0.074783,0.051824,0
1.5787,7.4037,-2.0622,-1.4291,0
1.5714,7.3693,-2.0526,-1.4225,0
1.8981,8.9013,-2.4793,-1.7182,0
0.71625,3.359,-0.93559,-0.64837,0
-1.5837,-7.4269,2.0687,1.4336,0
0.26086,1.2234,-0.34075,-0.23614,0
-1.0321,-4.8404,1.3482,0.93432,0
2.4894,11.675,-3.2518,-2.2535,0
2.0265,9.5037,-2.6471,-1.8345,0
1.8639,8.7412,-2.4347,-1.6873,0
1.6485,7.731,-2.1533,-1.4923,0
2.0706,9.7102,-2.7046,-1.8743,0
-0.88241,-4.1382,1.1526,0.79877,0
-0.30051,-1.4093,0.39253,0.27203,0
1.8336,8.5988,-2.3951,-1.6598,0
1.8929,8.8772,-2.4726,-1.7135,0
2.3924,11.219,-3.125,-2.1656,0
0.13496,0.63292,-0.17629,-0.12217,0
-1.5792,-7.4058,2.0628,1.4295,0
1.2537,5.8793,-1.6376,-1.1348,0
-0.97824,-4.5876,1.2778,0.88552,0
1.6874,7.9131,-2.2041,-1.5274,0
1.7741,8.3199,-2.3174,-1.606,0
1.7439,8.1785,-2.278,-1.5786,0
1.7547,8.2289,-2.292,-1.5884,0
-0.55132,-2.5855,0.72015,0.49906,0
-1.349,-6.3261,1.762,1.2211,0
0.25605,1.2008,-0.33446,-0.23178,0
-0.11615,-0.5447,0.15172,0.10514,0
0.87749,4.1151,-1.1462,-0.79432,0
1.6006,7.5062,-2.0907,-1.4489,0
0.9382,4.3998,-1.2255,-0.84928,0
2.513,11.785,-3.2825,-2.2748,0
1.4977,7.0238,-1.9564,-1.3558,0
-0.50604,-2.3732,0.66101,0.45808,0
1.1174,5.2404,-1.4596,-1.0115,0
0.47302,2.2183,-0.61788,-0.42819,0
2.4651,11.561,-3.22,-2.2315,0
0.61261,2.8729,-0.80021,-0.55454,0
2.0214,9.4798,-2.6405,-1.8298,0
1.7098,8.0186,-2.2335,-1.5478,0
2.3542,11.04,-3.0751,-2.131,0
2.4949,11.7,-3.259,-2.2585,0
0.82737,3.8801,-1.0807,-0.74895,0
1.2879,6.0399,-1.6823,-1.1659,0
1.7502,8.2078,-2.2862,-1.5843,0
2.1702,10.177,-2.8347,-1.9645,0
-0.090318,-0.42356,0.11798,0.081758,0
0.23713,1.1121,-0.30975,-0.21465,0
1.3411,6.2893,-1.7518,-1.214,0
2.1176,9.931,-2.7661,-1.9169,0
1.5126,7.0936,-1.9758,-1.3692,0
1.7439,8.1785,-2.278,-1.5786,0
0.67976,3.1879,-0.88793,-0.61533,0
1.4581,6.838,-1.9046,-1.3199,0
-0.86874,-4.0741,1.1348,0.7864,0
0.16054,0.75288,-0.2097,-0.14532,0
0.035213,0.16514,-0.045996,-0.031875,0
1.5307,7.1784,-1.9994,-1.3856,0
1.7545,8.2279,-2.2918,-1.5882,0
-0.53288,-2.499,0.69607,0.48238,0
1.1401,5.3466,-1.4892,-1.032,0
-0.064378,-0.30191,0.084092,0.058276,0
0.16097,0.75488,-0.21026,-0.14571,0
-1.0009,-4.6938,1.3074,0.90601,0
0.68053,3.1915,-0.88893,-0.61603,0
0.008331,0.03907,-0.010882,-0.0075414,0
-0.84007,-3.9396,1.0973,0.76045,0
-0.37794,-1.7724,0.49368,0.34212,0
1.3373,6.2714,-1.7468,-1.2105,0
-0.50362,-2.3618,0.65785,0.45589,0
-1.4505,-6.8022,1.8946,1.313,0
1.4906,6.9905,-1.9471,-1.3493,0
1.4175,6.6477,-1.8516,-1.2832,0
-0.54212,-2.5424,0.70814,0.49074,0
0.059633,0.27966,-0.077895,-0.053981,0
1.0286,4.8239,-1.3436,-0.93114,0
0.13916,0.65259,-0.18177,-0.12597,0
1.1958,5.608,-1.562,-1.0825,0
-0.48704,-2.2841,0.63619,0.44088,0
1.2523,5.8727,-1.6357,-1.1336,0
2.146,10.064,-2.8031,-1.9426,0
0.53443,2.5063,-0.69809,-0.48377,0
1.0805,5.0671,-1.4114,-0.97807,0
-0.63719,-2.9882,0.83232,0.57679,0
1.8131,8.5029,-2.3684,-1.6413,0
-1.051,-4.9288,1.3728,0.95137,0
-0.59044,-2.769,0.77125,0.53447,0
-0.97463,-4.5707,1.2731,0.88225,0
0.60333,2.8294,-0.78808,-0.54614,0
2.3853,11.186,-3.1157,-2.1592,0
1.9278,9.0406,-2.5181,-1.7451,0
1.7439,8.1785,-2.278,-1.5786,0
-1.6114,-7.5569,2.1049,1.4587,0
0.52701,2.4715,-0.6884,-0.47706,0
-0.46288,-2.1708,0.60463,0.41901,0
1.2352,5.7928,-1.6135,-1.1182,0
1.9676,9.2274,-2.5702,-1.7811,0
-0.59829,-2.8058,0.78151,0.54159,0
0.9507,4.4585,-1.2418,-0.86059,0
1.1358,5.3264,-1.4836,-1.0281,0
-0.077852,-0.3651,0.10169,0.070473,0
-0.51625,-2.421,0.67435,0.46732,0
-0.025846,-0.12121,0.033762,0.023397,0
0.11141,0.52246,-0.14552,-0.10085,0
-0.80509,-3.7756,1.0516,0.72878,0
-0.70256,-3.2948,0.91771,0.63597,0
-0.55052,-2.5817,0.7191,0.49834,0
1.9661,9.2202,-2.5682,-1.7797,0
1.8027,8.4541,-2.3548,-1.6318,0
1.0766,5.0488,-1.4063,-0.97455,0
1.3806,6.4747,-1.8034,-1.2498,0
2.1343,10.009,-2.7879,-1.932,0
0.25026,1.1736,-0.3269,-0.22654,0
1.3472,6.3178,-1.7597,-1.2195,0
0.60539,2.8391,-0.79079,-0.54801,0
-0.92706,-4.3476,1.211,0.83919,0
-0.73919,-3.4665,0.96555,0.66913,0
-0.70409,-3.3019,0.9197,0.63735,0
1.9438,9.1156,-2.539,-1.7595,0
1.7116,8.027,-2.2358,-1.5494,0
1.0613,4.9771,-1.3863,-0.96069,0
1.3532,6.3459,-1.7676,-1.2249,0
1.2197,5.7198,-1.5932,-1.1041,0
-0.60786,-2.8506,0.794,0.55024,0
1.3452,6.3084,-1.7571,-1.2177,0
-0.025838,-0.12117,0.033751,0.023389,0
2.5603,12.007,-3.3444,-2.3176,0
1.8932,8.8783,-2.4729,-1.7137,0
-0.033415,-0.1567,0.043647,0.030248,0
2.097,9.8342,-2.7392,-1.8982,0
1.6802,7.8794,-2.1947,-1.5209,0
1.4511,6.8052,-1.8955,-1.3136,0
-0.83943,-3.9367,1.0965,0.75987,0
2.4049,11.278,-3.1414,-2.177,0
1.3675,6.4131,-1.7863,-1.2379,0
2.5204,11.82,-3.2923,-2.2816,0
-0.78328,-3.6733,1.0231,0.70904,0
0.76147,3.571,-0.99466,-0.6893,0
1.5298,7.174,-1.9982,-1.3848,0
-0.54887,-2.574,0.71695,0.49685,0
0.30346,1.4231,-0.39639,-0.2747,0
-0.87329,-4.0954,1.1407,0.79052,0
1.0176,4.7723,-1.3292,-0.92117,0
0.7481,3.5083,-0.97719,-0.67719,0
0.21165,0.99255,-0.27646,-0.19159,0
-1.1105,-5.2081,1.4506,1.0053,0
1.5864,7.4397,-2.0722,-1.436,0
2.3827,11.174,-3.1123,-2.1568,0
0.6042,2.8335,-0.78923,-0.54694,0
1.8882,8.8548,-2.4664,-1.7092,0
-0.70256,-3.2948,0.91771,0.63597,0
1.553,7.2833,-2.0286,-1.4058,0
1.2401,5.8157,-1.6199,-1.1226,0
-0.40407,-1.895,0.52781,0.36577,0
0.21286,0.99824,-0.27805,-0.19268,0
-0.61743,-2.8956,0.80651,0.55891,0
1.8839,8.8347,-2.4608,-1.7053,0
1.3266,6.2214,-1.7329,-1.2009,0
2.0017,9.3871,-2.6146,-1.8119,0
-0.66599,-3.1233,0.86994,0.60286,0
1.6334,7.66,-2.1336,-1.4786,0
2.0214,9.4798,-2.6405,-1.8298,0
0.12233,0.57367,-0.15979,-0.11073,0
-0.28667,-1.3444,0.37445,0.2595,0
2.2246,10.433,-2.9059,-2.0138,0
1.8064,8.4715,-2.3596,-1.6352,0
2.0311,9.5252,-2.6531,-1.8386,0
-0.56538,-2.6514,0.73851,0.51179,0
0.39166,1.8367,-0.51159,-0.35453,0
1.3963,6.5484,-1.8239,-1.264,0
1.625,7.6205,-2.1226,-1.4709,0
1.6696,7.8296,-2.1808,-1.5113,0
1.8629,8.7364,-2.4334,-1.6863,0
-1.5158,-7.1086,1.98,1.3721,0
2.4583,11.529,-3.2111,-2.2253,0
-0.58086,-2.724,0.75874,0.52581,0
1.8749,8.7925,-2.449,-1.6972,0
0.45123,2.1161,-0.58941,-0.40846,0
1.9058,8.9375,-2.4894,-1.7252,0
0.43954,2.0613,-0.57414,-0.39788,0
1.6978,7.9621,-2.2177,-1.5369,0
1.3042,6.1163,-1.7036,-1.1806,0
-0.28416,-1.3326,0.37118,0.25723,0
-0.13636,-0.63946,0.17811,0.12343,0
-0.93185,-4.3701,1.2172,0.84353,0
1.7055,7.9982,-2.2278,-1.5438,0
1.2649,5.9319,-1.6522,-1.145,0
-1.1849,-5.5567,1.5477,1.0726,0
-0.16184,-0.75897,0.2114,0.1465,0
0.53597,2.5135,-0.7001,-0.48517,0
2.3681,11.106,-3.0933,-2.1437,0
0.57943,2.7173,-0.75687,-0.52451,0
0.4523,2.1211,-0.59081,-0.40943,0
1.6673,7.8192,-2.1779,-1.5093,0
0.088179,0.41353,-0.11518,-0.079821,0
0.71719,3.3634,-0.93682,-0.64922,0
0.25156,4.4865,-4.0158,-1.2724,1
0.088019,1.5698,-1.4051,-0.44519,1
-0.1917,-3.4188,3.0601,0.9696,1
-0.55017,-9.8119,8.7825,2.7827,1
-0.65647,-11.708,10.479,3.3204,1
-0.29173,-5.2028,4.6569,1.4755,1
0.048319,0.86175,-0.77134,-0.2444,1
0.26163,4.666,-4.1765,-1.3233,1
0.16193,2.8879,-2.5849,-0.81903,1
-0.10453,-1.8642,1.6686,0.5287,1
-0.42289,-7.542,6.7507,2.1389,1
-0.47012,-8.3842,7.5046,2.3778,1
-0.15675,-2.7956,2.5023,0.79285,1
0.13867,2.4731,-2.2136,-0.70138,1
0.27863,4.9692,-4.4478,-1.4093,1
0.22206,3.9603,-3.5448,-1.1232,1
-0.11675,-2.0821,1.8636,0.59049,1
-0.3549,-6.3294,5.6654,1.7951,1
-0.24666,-4.399,3.9375,1.2476,1
0.076203,1.359,-1.2165,-0.38543,1
0.29685,5.2941,-4.7387,-1.5014,1
0.31965,5.7008,-5.1027,-1.6168,1
0.26932,4.8032,-4.2992,-1.3622,1
0.03344,0.59638,-0.53382,-0.16914,1
-0.11506,-2.052,1.8367,0.58196,1
-0.0016762,-0.029894,0.026757,0.008478,1
0.15249,2.7195,-2.4342,-0.77128,1
0.23386,4.1708,-3.7332,-1.1829,1
0.20113,3.5869,-3.2106,-1.0173,1
0.15532,2.7701,-2.4795,-0.78561,1
0.23676,4.2225,-3.7795,-1.1975,1
0.058346,1.0406,-0.93139,-0.29511,1
-0.026172,-0.46677,0.4178,0.13238,1
0.07393,1.3185,-1.1802,-0.37393,1
0.15277,2.7245,-2.4387,-0.77268,1
0.11776,2.1002,-1.8799,-0.59563,1
0.044319,0.7904,-0.70748,-0.22416,1
0.036033,0.64262,-0.5752,-0.18225,1
-0.1996,-3.5597,3.1862,1.0095,1
-0.54057,-9.6408,8.6293,2.7342,1
-0.45927,-8.1908,7.3315,2.323,1
0.14219,2.5359,-2.2699,-0.71921,1
0.034766,0.62003,-0.55498,-0.17584,1
-0.45046,-8.0336,7.1908,2.2784,1
-0.87563,-15.616,13.978,4.4289,1
-0.51939,-9.263,8.2912,2.627,1
-0.068516,-1.2219,1.0937,0.34655,1
0.15159,2.7034,-2.4198,-0.76671,1
0.009286,0.16561,-0.14823,-0.046968,1
-0.40683,-7.2556,6.4944,2.0577,1
-0.74542,-13.294,11.899,3.7703,1
-0.54812,-9.7753,8.7498,2.7723,1
-0.077977,-1.3907,1.2448,0.3944,1
0.15444,2.7544,-2.4654,-0.78116,1
0.16975,3.0274,-2.7098,-0.8586,1
0.021453,0.3826,-0.34246,-0.10851,1
-0.34564,-6.1643,5.5176,1.7482,1
-0.51185,-9.1286,8.1709,2.5889,1
-0.33894,-6.0448,5.4106,1.7143,1
-0.014849,-0.26483,0.23705,0.075108,1
0.20615,3.6765,-3.2908,-1.0427,1
0.20813,3.7119,-3.3225,-1.0527,1
0.14278,2.5464,-2.2793,-0.72219,1
-0.10601,-1.8907,1.6923,0.53621,1
-0.49528,-8.8329,7.9062,2.5051,1
-0.71674,-12.783,11.442,3.6252,1
-0.36679,-6.5415,5.8552,1.8552,1
-0.033338,-0.59456,0.53218,0.16862,1
0.25596,4.5648,-4.0859,-1.2946,1
0.2097,3.7398,-3.3474,-1.0606,1
-0.027193,-0.48496,0.43408,0.13754,1
-0.3544,-6.3204,5.6573,1.7925,1
-0.50988,-9.0935,8.1394,2.579,1
-0.17473,-3.1162,2.7893,0.88377,1
0.092811,1.6552,-1.4816,-0.46943,1
0.28021,4.9974,-4.4731,-1.4173,1
0.28171,5.024,-4.4969,-1.4248,1
-0.057037,-1.0172,0.9105,0.28849,1
-0.317,-5.6534,5.0603,1.6033,1
-0.3246,-5.7891,5.1817,1.6418,1
0.046826,0.83511,-0.7475,-0.23684,1
0.26904,4.7981,-4.2947,-1.3608,1
0.34637,6.1772,-5.5291,-1.7519,1
0.33179,5.9172,-5.2964,-1.6781,1
0.085777,1.5298,-1.3693,-0.43385,1
-0.079238,-1.4132,1.2649,0.40078,1
-0.043514,-0.77604,0.69462,0.22009,1
0.1428,2.5467,-2.2795,-0.72226,1
0.21348,3.8072,-3.4078,-1.0798,1
0.20637,3.6805,-3.2944,-1.0438,1
0.13693,2.442,-2.1858,-0.69256,1
0.28413,5.0672,-4.5356,-1.4371,1
0.085274,1.5208,-1.3613,-0.43131,1
-0.0082652,-0.1474,0.13194,0.041805,1
0.036829,0.65681,-0.58791,-0.18628,1
0.15697,2.7995,-2.5058,-0.79396,1
0.1128,2.0118,-1.8007,-0.57055,1
0.053249,0.94965,-0.85002,-0.26933,1
0.084745,1.5114,-1.3528,-0.42864,1
-0.097939,-1.7467,1.5634,0.49537,1
-0.47573,-8.4844,7.5943,2.4062,1
-0.48591,-8.6658,7.7566,2.4577,1
0.12598,2.2469,-2.0111,-0.63722,1
0.089249,1.5917,-1.4247,-0.45141,1
-0.31374,-5.5954,5.0083,1.5869,1
-0.82689,-14.747,13.2,4.1824,1
-0.5805,-10.353,9.2666,2.9361,1
-0.10379,-1.851,1.6568,0.52496,1
0.12761,2.2759,-2.0371,-0.64546,1
-0.078427,-1.3987,1.2519,0.39668,1
-0.51333,-9.155,8.1945,2.5964,1
-0.77009,-13.734,12.293,3.895,1
-0.44786,-7.9872,7.1493,2.2652,1
-0.026417,-0.47113,0.4217,0.13361,1
0.17516,3.1238,-2.7961,-0.88594,1
0.15177,2.7068,-2.4228,-0.76766,1
-0.062993,-1.1234,1.0056,0.31862,1
-0.42006,-7.4915,6.7056,2.1246,1
-0.5297,-9.4468,8.4557,2.6792,1
-0.28582,-5.0973,4.5626,1.4456,1
0.023931,0.4268,-0.38202,-0.12104,1
0.22607,4.0318,-3.6089,-1.1435,1
0.25249,4.5029,-4.0305,-1.2771,1
0.085921,1.5323,-1.3716,-0.43458,1
-0.20841,-3.7168,3.3268,1.0541,1
-0.58689,-10.467,9.3687,2.9684,1
-0.66921,-11.935,10.683,3.3848,1
-0.3029,-5.402,4.8352,1.532,1
0.034372,0.61301,-0.5487,-0.17385,1
0.26639,4.7509,-4.2525,-1.3474,1
0.1559,2.7804,-2.4887,-0.78854,1
-0.12377,-2.2073,1.9757,0.626,1
-0.45921,-8.1897,7.3305,2.3227,1
-0.48763,-8.6966,7.7842,2.4664,1
-0.1477,-2.6341,2.3578,0.74706,1
0.14329,2.5554,-2.2873,-0.72474,1
0.28031,4.9991,-4.4747,-1.4178,1
0.19397,3.4593,-3.0964,-0.98108,1
-0.11401,-2.0333,1.82,0.57666,1
-0.38971,-6.9502,6.221,1.9711,1
-0.28202,-5.0296,4.5019,1.4264,1
0.090747,1.6184,-1.4486,-0.45899,1
0.30926,5.5155,-4.9369,-1.5642,1
0.32566,5.8079,-5.1986,-1.6471,1
0.26745,4.7697,-4.2693,-1.3527,1
0.022574,0.4026,-0.36036,-0.11418,1
-0.11877,-2.1182,1.896,0.60075,1
-0.010941,-0.19512,0.17465,0.055337,1
0.1525,2.7198,-2.4345,-0.77136,1
0.23883,4.2594,-3.8126,-1.208,1
0.19677,3.5093,-3.1411,-0.99525,1
0.15567,2.7763,-2.485,-0.78736,1
0.22782,4.0631,-3.6368,-1.1523,1
0.048983,0.87357,-0.78192,-0.24775,1
-0.033508,-0.59758,0.53489,0.16948,1
0.067876,1.2105,-1.0835,-0.34331,1
0.15786,2.8154,-2.52,-0.79846,1
0.11403,2.0336,-1.8203,-0.57675,1
0.052815,0.94193,-0.84311,-0.26714,1
0.037358,0.66626,-0.59636,-0.18895,1
-0.18419,-3.2849,2.9403,0.93162,1
-0.52206,-9.3105,8.3337,2.6405,1
-0.42922,-7.6549,6.8518,2.171,1
0.13431,2.3953,-2.144,-0.67932,1
0.028554,0.50924,-0.45581,-0.14442,1
-0.44417,-7.9215,7.0905,2.2466,1
-0.85912,-15.322,13.714,4.3453,1
-0.47663,-8.5005,7.6087,2.4108,1
-0.055052,-0.98182,0.87881,0.27845,1
0.13333,2.3778,-2.1284,-0.67437,1
-0.065647,-1.1708,1.0479,0.33204,1
-0.49725,-8.8682,7.9378,2.5151,1
-0.80496,-14.356,12.85,4.0714,1
-0.45864,-8.1796,7.3214,2.3198,1
-0.034245,-0.61074,0.54667,0.17321,1
0.17493,3.1197,-2.7924,-0.88476,1
0.15203,2.7114,-2.4269,-0.76896,1
-0.051077,-0.91092,0.81535,0.25834,1
-0.42175,-7.5216,6.7325,2.1332,1
-0.53888,-9.6105,8.6023,2.7256,1
-0.30605,-5.4582,4.8856,1.548,1
0.011267,0.20094,-0.17986,-0.056988,1
0.21751,3.8792,-3.4722,-1.1002,1
0.2456,4.3802,-3.9207,-1.2422,1
0.090923,1.6215,-1.4514,-0.45988,1
-0.22407,-3.9961,3.5768,1.1333,1
-0.57542,-10.262,9.1857,2.9105,1
-0.70689,-12.607,11.284,3.5754,1
-0.32523,-5.8003,5.1918,1.645,1
0.02284,0.40734,-0.3646,-0.11552,1
0.26634,4.75,-4.2517,-1.3471,1
0.16909,3.0156,-2.6992,-0.85523,1
-0.11823,-2.1085,1.8873,0.598,1
-0.47285,-8.433,7.5483,2.3917,1
-0.50336,-8.9771,8.0353,2.546,1
-0.16723,-2.9825,2.6696,0.84585,1
0.13386,2.3873,-2.1369,-0.67706,1
0.27226,4.8556,-4.3462,-1.3771,1
0.20417,3.6412,-3.2592,-1.0327,1
-0.146,-2.6037,2.3306,0.73844,1
-0.39405,-7.0276,6.2903,1.9931,1
-0.28185,-5.0266,4.4992,1.4256,1
0.067585,1.2053,-1.0789,-0.34184,1
0.29453,5.2528,-4.7017,-1.4897,1
0.32118,5.728,-5.1271,-1.6245,1
0.27117,4.8362,-4.3288,-1.3716,1
0.032033,0.57128,-0.51135,-0.16202,1
-0.11315,-2.0179,1.8062,0.5723,1
-0.013985,-0.24942,0.22325,0.070737,1
0.14846,2.6477,-2.37,-0.75091,1
0.23119,4.1231,-3.6905,-1.1693,1
0.193,3.4421,-3.081,-0.9762,1
0.14758,2.632,-2.3559,-0.74645,1
0.24355,4.3435,-3.8878,-1.2318,1
0.063539,1.1332,-1.0143,-0.32137,1
-0.024311,-0.43358,0.38809,0.12297,1
0.071008,1.2664,-1.1335,-0.35915,1
0.15736,2.8064,-2.512,-0.79591,1
0.1175,2.0956,-1.8758,-0.59433,1
0.039933,0.71218,-0.63746,-0.20198,1
0.051733,0.92263,-0.82583,-0.26166,1
-0.16966,-3.0258,2.7084,0.85815,1
-0.54183,-9.6632,8.6494,2.7406,1
-0.46556,-8.303,7.4319,2.3548,1
0.13786,2.4587,-2.2008,-0.69731,1
0.040017,0.71368,-0.63881,-0.2024,1
-0.42363,-7.5552,6.7625,2.1427,1
-0.86014,-15.34,13.731,4.3505,1
-0.52087,-9.2894,8.3148,2.6345,1
-0.068154,-1.2155,1.088,0.34472,1
0.15199,2.7106,-2.4262,-0.76875,1
-0.0061636,-0.10992,0.098391,0.031175,1
-0.43945,-7.8373,7.015,2.2227,1
-0.7954,-14.185,12.697,4.0231,1
-0.53345,-9.5137,8.5156,2.6981,1
-0.067512,-1.204,1.0777,0.34147,1
0.16347,2.9153,-2.6095,-0.8268,1
0.17333,3.0912,-2.7669,-0.87668,1
0.020962,0.37385,-0.33463,-0.10603,1
-0.35638,-6.3559,5.6891,1.8026,1
-0.54091,-9.6467,8.6347,2.7359,1
-0.35595,-6.3482,5.6822,1.8004,1
-0.0067724,-0.12078,0.10811,0.034254,1
0.20701,3.6919,-3.3046,-1.047,1
0.23219,4.1409,-3.7064,-1.1744,1
0.11891,2.1207,-1.8982,-0.60143,1
-0.13138,-2.3431,2.0972,0.6645,1
-0.52058,-9.2842,8.3102,2.633,1
-0.71519,-12.755,11.417,3.6174,1
-0.37014,-6.6012,5.9087,1.8721,1
-0.015985,-0.28508,0.25517,0.080849,1
0.25295,4.5112,-4.0379,-1.2794,1
0.19074,3.4016,-3.0448,-0.96473,1
-0.073268,-1.3067,1.1696,0.37058,1
-0.40397,-7.2045,6.4486,2.0432,1
-0.54108,-9.6498,8.6374,2.7367,1
-0.19702,-3.5136,3.145,0.99649,1
0.087518,1.5608,-1.3971,-0.44266,1
0.28211,5.0313,-4.5035,-1.4269,1
0.26698,4.7615,-4.2619,-1.3504,1
-0.081415,-1.452,1.2997,0.41179,1
-0.33702,-6.0106,5.38,1.7046,1
-0.31721,-5.6572,5.0637,1.6044,1
0.050794,0.90588,-0.81084,-0.25691,1
0.2679,4.7777,-4.2765,-1.355,1
0.33577,5.9881,-5.3599,-1.6983,1
0.32252,5.7518,-5.1484,-1.6313,1
0.056905,1.0149,-0.90839,-0.28782,1
-0.11637,-2.0754,1.8577,0.58861,1
-0.066743,-1.1903,1.0654,0.33758,1
0.13904,2.4797,-2.2196,-0.70327,1
0.2236,3.9877,-3.5694,-1.1309,1
0.21195,3.7799,-3.3834,-1.072,1
0.14115,2.5173,-2.2532,-0.71393,1
0.2887,5.1488,-4.6086,-1.4602,1
0.067231,1.199,-1.0732,-0.34005,1
-0.03596,-0.64133,0.57405,0.18188,1
0.017977,0.32061,-0.28697,-0.090926,1
0.15675,2.7955,-2.5023,-0.79283,1
0.13257,2.3644,-2.1163,-0.67055,1
0.062284,1.1108,-0.99425,-0.31503,1
0.063535,1.1331,-1.0142,-0.32136,1
-0.12393,-2.2101,1.9783,0.62681,1
-0.48039,-8.5675,7.6687,2.4298,1
-0.47716,-8.5099,7.6171,2.4135,1
0.13137,2.3429,-2.0971,-0.66445,1
0.099973,1.783,-1.5959,-0.50566,1
-0.31488,-5.6156,5.0265,1.5926,1
-0.82774,-14.762,13.213,4.1866,1
-0.57534,-10.261,9.1843,2.91,1
-0.10433,-1.8607,1.6654,0.52769,1
0.16186,2.8867,-2.5839,-0.8187,1
0.00030255,0.0053957,-0.0048296,-0.0015303,1
-0.41583,-7.416,6.638,2.1032,1
-0.79494,-14.177,12.69,4.0208,1
-0.53052,-9.4614,8.4688,2.6833,1
-0.065065,-1.1604,1.0387,0.3291,1
0.16396,2.924,-2.6173,-0.82928,1
0.1908,3.4027,-3.0457,-0.96503,1
0.035484,0.63283,-0.56644,-0.17947,1
-0.34498,-6.1525,5.507,1.7449,1
-0.54162,-9.6595,8.6461,2.7395,1
-0.35404,-6.314,5.6516,1.7907,1
-0.0017783,-0.031715,0.028388,0.0089945,1
0.20906,3.7285,-3.3373,-1.0574,1
0.24261,4.3269,-3.8729,-1.2271,1
0.14433,2.574,-2.304,-0.73,1
-0.10106,-1.8023,1.6132,0.51114,1
-0.51447,-9.1753,8.2127,2.6022,1
-0.70134,-12.508,11.196,3.5473,1
-0.35718,-6.37,5.7017,1.8066,1
-0.010627,-0.18952,0.16964,0.053749,1
0.25521,4.5516,-4.074,-1.2908,1
0.20368,3.6324,-3.2514,-1.0302,1
-0.044881,-0.80043,0.71645,0.22701,1
-0.36862,-6.574,5.8843,1.8644,1
-0.52821,-9.4203,8.432,2.6717,1
-0.19685,-3.5108,3.1425,0.99568,1
0.088833,1.5843,-1.4181,-0.44931,1
0.27986,4.991,-4.4674,-1.4155,1
0.26711,4.7638,-4.264,-1.351,1
-0.05091,-0.90795,0.81269,0.2575,1
-0.33487,-5.9723,5.3457,1.6938,1
-0.33412,-5.9588,5.3336,1.6899,1
0.048257,0.86064,-0.77035,-0.24408,1
0.2723,4.8563,-4.3468,-1.3773,1
0.3399,6.0618,-5.4259,-1.7192,1
0.34028,6.0687,-5.432,-1.7211,1
0.05558,0.99124,-0.88725,-0.28112,1
-0.09778,-1.7438,1.5609,0.49457,1
-0.054096,-0.96477,0.86355,0.27361,1
0.15739,2.807,-2.5125,-0.79609,1
0.23647,4.2173,-3.7749,-1.1961,1
0.22274,3.9725,-3.5557,-1.1266,1
0.15856,2.8279,-2.5312,-0.802,1
0.29456,5.2533,-4.7022,-1.4899,1
0.088591,1.58,-1.4142,-0.44809,1
-0.011847,-0.21128,0.18912,0.059921,1
0.035375,0.63088,-0.56469,-0.17892,1
0.17591,3.1373,-2.8081,-0.88975,1
0.14621,2.6076,-2.334,-0.73953,1
0.080434,1.4345,-1.284,-0.40683,1
0.066096,1.1788,-1.0551,-0.33431,1
-0.10206,-1.8201,1.6292,0.5162,1
-0.44548,-7.9448,7.1113,2.2532,1
-0.43312,-7.7244,6.914,2.1907,1
0.13876,2.4747,-2.2151,-0.70185,1
0.10082,1.7981,-1.6095,-0.50996,1
-0.31103,-5.5469,4.965,1.5731,1
-0.82443,-14.703,13.161,4.1699,1
-0.55988,-9.9851,8.9375,2.8318,1
-0.10019,-1.7868,1.5993,0.50675,1
0.16526,2.9473,-2.6381,-0.83587,1
0.0063973,0.11409,-0.10212,-0.032357,1
-0.41321,-7.3693,6.5961,2.09,1
-0.78057,-13.921,12.46,3.948,1
-0.50502,-9.0067,8.0618,2.5544,1
-0.060763,-1.0837,0.96998,0.30734,1
0.17098,3.0493,-2.7294,-0.8648,1
0.18117,3.231,-2.892,-0.91633,1
0.031466,0.56117,-0.5023,-0.15915,1
-0.34264,-6.1108,5.4697,1.7331,1
-0.52627,-9.3856,8.401,2.6618,1
-0.33983,-6.0607,5.4249,1.7189,1
0.0035485,0.063284,-0.056645,-0.017948,1
0.22116,3.9443,-3.5305,-1.1186,1
0.23677,4.2226,-3.7796,-1.1976,1
0.13605,2.4264,-2.1719,-0.68815,1
-0.10485,-1.87,1.6738,0.53034,1
-0.5017,-8.9475,8.0088,2.5376,1
-0.70955,-12.654,11.327,3.5888,1
-0.35385,-6.3106,5.6486,1.7897,1
-0.0016023,-0.028577,0.025579,0.0081045,1
0.268,4.7795,-4.2781,-1.3555,1
0.1972,3.517,-3.148,-0.99744,1
-0.058366,-1.0409,0.93171,0.29521,1
-0.40207,-7.1707,6.4184,2.0337,1
-0.5355,-9.5503,8.5483,2.7085,1
-0.19785,-3.5285,3.1583,1.0007,1
0.091301,1.6283,-1.4575,-0.46179,1
0.28165,5.0231,-4.4961,-1.4246,1
0.27269,4.8632,-4.353,-1.3792,1
-0.06231,-1.1113,0.99468,0.31516,1
-0.33702,-6.0106,5.38,1.7046,1
-0.32485,-5.7935,5.1857,1.6431,1
0.043542,0.77653,-0.69507,-0.22023,1
0.27212,4.8531,-4.3439,-1.3764,1
0.33554,5.984,-5.3562,-1.6971,1
0.33003,5.886,-5.2684,-1.6693,1
0.064381,1.1482,-1.0277,-0.32563,1
-0.089938,-1.604,1.4357,0.4549,1
-0.061185,-1.0912,0.97672,0.30947,1
0.15407,2.7478,-2.4595,-0.77929,1
0.23458,4.1836,-3.7447,-1.1865,1
0.22218,3.9625,-3.5468,-1.1238,1
0.15273,2.7239,-2.4381,-0.77252,1
0.29862,5.3256,-4.7669,-1.5104,1
0.073819,1.3165,-1.1784,-0.37337,1
-0.015326,-0.27332,0.24465,0.077515,1
0.035219,0.6281,-0.56221,-0.17813,1
0.17283,3.0824,-2.759,-0.87418,1
0.14327,2.5551,-2.287,-0.72464,1
0.071619,1.2773,-1.1433,-0.36224,1
0.072539,1.2937,-1.158,-0.3669,1
-0.10342,-1.8444,1.6509,0.5231,1
-0.44776,-7.9855,7.1477,2.2647,1
-0.42766,-7.6271,6.8269,2.1631,1
0.14013,2.4992,-2.237,-0.70877,1
0.10135,1.8076,-1.6179,-0.51264,1
-0.29392,-5.2419,4.692,1.4866,1
-0.80507,-14.358,12.852,4.072,1
-0.54033,-9.6364,8.6254,2.7329,1
-0.095242,-1.6986,1.5204,0.48173,1
0.14971,2.6701,-2.3899,-0.75724,1
-0.016944,-0.30218,0.27048,0.0857,1
-0.44094,-7.864,7.0389,2.2303,1
-0.77707,-13.859,12.405,3.9304,1
-0.53419,-9.5269,8.5274,2.7019,1
-0.073504,-1.3109,1.1734,0.37178,1
0.16225,2.8936,-2.59,-0.82064,1
0.16302,2.9073,-2.6023,-0.82454,1
0.0027788,0.049558,-0.044359,-0.014055,1
-0.36306,-6.4749,5.7956,1.8363,1
-0.54269,-9.6786,8.6632,2.7449,1
-0.35042,-6.2496,5.5939,1.7724,1
-0.012486,-0.22268,0.19932,0.063153,1
0.20428,3.6432,-3.261,-1.0332,1
0.21096,3.7624,-3.3676,-1.067,1
0.11692,2.0851,-1.8664,-0.59135,1
-0.1208,-2.1543,1.9283,0.61098,1
-0.53911,-9.6147,8.606,2.7268,1
-0.73683,-13.141,11.762,3.7268,1
-0.3808,-6.7914,6.0789,1.9261,1
-0.014524,-0.25903,0.23186,0.073463,1
0.25277,4.508,-4.0351,-1.2785,1
0.18112,3.2302,-2.8913,-0.91609,1
-0.048712,-0.86874,0.7776,0.24638,1
-0.39158,-6.9836,6.251,1.9806,1
-0.56761,-10.123,9.061,2.871,1
-0.20257,-3.6126,3.2336,1.0246,1
0.083153,1.483,-1.3274,-0.42058,1
0.27816,4.9609,-4.4404,-1.4069,1
0.26134,4.6608,-4.1718,-1.3218,1
-0.085734,-1.529,1.3686,0.43364,1
-0.34269,-6.1116,5.4704,1.7333,1
-0.33684,-6.0074,5.3771,1.7037,1
0.048098,0.85779,-0.7678,-0.24327,1
0.27128,4.838,-4.3305,-1.3721,1
0.3374,6.0172,-5.386,-1.7065,1
0.32348,5.769,-5.1637,-1.6361,1
0.054145,0.96564,-0.86433,-0.27386,1
-0.11989,-2.1381,1.9138,0.60638,1
-0.068148,-1.2154,1.0879,0.34469,1
0.1464,2.6109,-2.337,-0.74046,1
0.22386,3.9924,-3.5736,-1.1323,1
0.2114,3.7701,-3.3746,-1.0692,1
0.1431,2.552,-2.2843,-0.72376,1
0.28525,5.0873,-4.5536,-1.4428,1
0.062526,1.1151,-0.99811,-0.31625,1
-0.044466,-0.79303,0.70983,0.22491,1
0.016748,0.2987,-0.26736,-0.084712,1
0.15777,2.8136,-2.5185,-0.79797,1
0.12977,2.3143,-2.0715,-0.65635,1
0.055063,0.98202,-0.87899,-0.27851,1
0.056742,1.012,-0.9058,-0.287,1
-0.12775,-2.2783,2.0392,0.64613,1
-0.47763,-8.5182,7.6245,2.4158,1
-0.46588,-8.3087,7.437,2.3564,1
0.12898,2.3003,-2.059,-0.65237,1
0.084151,1.5008,-1.3433,-0.42563,1
-0.32279,-5.7567,5.1527,1.6326,1
-0.85171,-15.19,13.596,4.3079,1
-0.57452,-10.246,9.1713,2.9059,1
-0.10538,-1.8794,1.6822,0.533,1
